Timestamp,Close
2017-10-02T00:00:00,0.06776
2017-10-02T01:00:00,0.06841521
2017-10-02T02:00:00,0.06817
2017-10-02T03:00:00,0.06811701
2017-10-02T04:00:00,0.06820001
2017-10-02T05:00:00,0.06758007
2017-10-02T06:00:00,0.06769397
2017-10-02T07:00:00,0.068
2017-10-02T08:00:00,0.06771889
2017-10-02T09:00:00,0.0676
2017-10-02T10:00:00,0.06755
2017-10-02T11:00:00,0.0682099
2017-10-02T12:00:00,0.0675605
2017-10-02T13:00:00,0.06750004
2017-10-02T14:00:00,0.06740163
2017-10-02T15:00:00,0.0678
2017-10-02T16:00:00,0.0674
2017-10-02T17:00:00,0.06740232
2017-10-02T18:00:00,0.06709859
2017-10-02T19:00:00,0.06757
2017-10-02T20:00:00,0.06751
2017-10-02T21:00:00,0.06750002
2017-10-02T22:00:00,0.06750501
2017-10-02T23:00:00,0.06783397
2017-10-03T00:00:00,0.0678005
2017-10-03T01:00:00,0.06769696
2017-10-03T02:00:00,0.0673
2017-10-03T03:00:00,0.06776
2017-10-03T04:00:00,0.06769515
2017-10-03T05:00:00,0.06872525
2017-10-03T06:00:00,0.06859999
2017-10-03T07:00:00,0.068121
2017-10-03T08:00:00,0.06727001
2017-10-03T09:00:00,0.06725
2017-10-03T10:00:00,0.06752
2017-10-03T11:00:00,0.06808966
2017-10-03T12:00:00,0.06805645
2017-10-03T13:00:00,0.0682
2017-10-03T14:00:00,0.06800011
2017-10-03T15:00:00,0.06838619
2017-10-03T16:00:00,0.06789356
2017-10-03T17:00:00,0.06786782
2017-10-03T18:00:00,0.06794997
2017-10-03T19:00:00,0.06827369
2017-10-03T20:00:00,0.067817
2017-10-03T21:00:00,0.0678
2017-10-03T22:00:00,0.06762
2017-10-03T23:00:00,0.06772
2017-10-04T00:00:00,0.06828994
2017-10-04T01:00:00,0.06823998
2017-10-04T02:00:00,0.0679
2017-10-04T03:00:00,0.06833978
2017-10-04T04:00:00,0.068
2017-10-04T05:00:00,0.06799
2017-10-04T06:00:00,0.06825898
2017-10-04T07:00:00,0.06831997
2017-10-04T08:00:00,0.0689293
2017-10-04T09:00:00,0.06911001
2017-10-04T10:00:00,0.06941847
2017-10-04T11:00:00,0.06905
2017-10-04T12:00:00,0.06910002
2017-10-04T13:00:00,0.06960746
2017-10-04T14:00:00,0.069601
2017-10-04T15:00:00,0.0696
2017-10-04T16:00:00,0.06970001
2017-10-04T17:00:00,0.06960001
2017-10-04T18:00:00,0.06979579
2017-10-04T19:00:00,0.0695
2017-10-04T20:00:00,0.06926533
2017-10-04T21:00:00,0.06951572
2017-10-04T22:00:00,0.06902001
2017-10-04T23:00:00,0.06932899
2017-10-05T00:00:00,0.06922189
2017-10-05T01:00:00,0.06910001
2017-10-05T02:00:00,0.06914
2017-10-05T03:00:00,0.06944111
2017-10-05T04:00:00,0.06931874
2017-10-05T05:00:00,0.0694
2017-10-05T06:00:00,0.06944111
2017-10-05T07:00:00,0.0696465
2017-10-05T08:00:00,0.069501
2017-10-05T09:00:00,0.069
2017-10-05T10:00:00,0.06878599
2017-10-05T11:00:00,0.06869998
2017-10-05T12:00:00,0.068
2017-10-05T13:00:00,0.0682
2017-10-05T14:00:00,0.06808744
2017-10-05T15:00:00,0.0683061
2017-10-05T16:00:00,0.06831628
2017-10-05T17:00:00,0.0684369
2017-10-05T18:00:00,0.0681
2017-10-05T19:00:00,0.06796971
2017-10-05T20:00:00,0.06827499
2017-10-05T21:00:00,0.06825
2017-10-05T22:00:00,0.06836298
2017-10-05T23:00:00,0.0683
2017-10-06T00:00:00,0.06834999
2017-10-06T01:00:00,0.06831519
2017-10-06T02:00:00,0.06826486
2017-10-06T03:00:00,0.0685
2017-10-06T04:00:00,0.06860411
2017-10-06T05:00:00,0.06824444
2017-10-06T06:00:00,0.06805002
2017-10-06T07:00:00,0.06827999
2017-10-06T08:00:00,0.06812
2017-10-06T09:00:00,0.06844135
2017-10-06T10:00:00,0.06843999
2017-10-06T11:00:00,0.068415
2017-10-06T12:00:00,0.06887
2017-10-06T13:00:00,0.06895997
2017-10-06T14:00:00,0.06874
2017-10-06T15:00:00,0.06889998
2017-10-06T16:00:00,0.06900001
2017-10-06T17:00:00,0.06926886
2017-10-06T18:00:00,0.06950477
2017-10-06T19:00:00,0.06959165
2017-10-06T20:00:00,0.06951212
2017-10-06T21:00:00,0.0695
2017-10-06T22:00:00,0.07031001
2017-10-06T23:00:00,0.07088001
2017-10-07T00:00:00,0.071
2017-10-07T01:00:00,0.0718
2017-10-07T02:00:00,0.07143005
2017-10-07T03:00:00,0.07105499
2017-10-07T04:00:00,0.07048
2017-10-07T05:00:00,0.0707
2017-10-07T06:00:00,0.0709285
2017-10-07T07:00:00,0.07055
2017-10-07T08:00:00,0.07070948
2017-10-07T09:00:00,0.07109998
2017-10-07T10:00:00,0.0708
2017-10-07T11:00:00,0.07055555
2017-10-07T12:00:00,0.07068
2017-10-07T13:00:00,0.070467
2017-10-07T14:00:00,0.0712
2017-10-07T15:00:00,0.07119
2017-10-07T16:00:00,0.07139099
2017-10-07T17:00:00,0.07080998
2017-10-07T18:00:00,0.0710993
2017-10-07T19:00:00,0.0711
2017-10-07T20:00:00,0.07092018
2017-10-07T21:00:00,0.070515
2017-10-07T22:00:00,0.0706408
2017-10-07T23:00:00,0.07032598
2017-10-08T00:00:00,0.07013297
2017-10-08T01:00:00,0.070059
2017-10-08T02:00:00,0.07017589
2017-10-08T03:00:00,0.07017587
2017-10-08T04:00:00,0.07041996
2017-10-08T05:00:00,0.070001
2017-10-08T06:00:00,0.07006898
2017-10-08T07:00:00,0.07
2017-10-08T08:00:00,0.06968751
2017-10-08T09:00:00,0.0698
2017-10-08T10:00:00,0.069633
2017-10-08T11:00:00,0.06965001
2017-10-08T12:00:00,0.06924749
2017-10-08T13:00:00,0.068701
2017-10-08T14:00:00,0.0687101
2017-10-08T15:00:00,0.06842
2017-10-08T16:00:00,0.0682
2017-10-08T17:00:00,0.06820138
2017-10-08T18:00:00,0.06840069
2017-10-08T19:00:00,0.06763703
2017-10-08T20:00:00,0.06779996
2017-10-08T21:00:00,0.06746313
2017-10-08T22:00:00,0.06739648
2017-10-08T23:00:00,0.06699
2017-10-09T00:00:00,0.06665101
2017-10-09T01:00:00,0.0666
2017-10-09T02:00:00,0.06634698
2017-10-09T03:00:00,0.06587
2017-10-09T04:00:00,0.06648
2017-10-09T05:00:00,0.06723525
2017-10-09T06:00:00,0.06675
2017-10-09T07:00:00,0.0665589
2017-10-09T08:00:00,0.06655
2017-10-09T09:00:00,0.06625568
2017-10-09T10:00:00,0.0665
2017-10-09T11:00:00,0.06622006
2017-10-09T12:00:00,0.0660051
2017-10-09T13:00:00,0.065949
2017-10-09T14:00:00,0.06431
2017-10-09T15:00:00,0.06426794
2017-10-09T16:00:00,0.06440001
2017-10-09T17:00:00,0.06202928
2017-10-09T18:00:00,0.06100004
2017-10-09T19:00:00,0.0606
2017-10-09T20:00:00,0.060677
2017-10-09T21:00:00,0.06204585
2017-10-09T22:00:00,0.06240296
2017-10-09T23:00:00,0.06234999
2017-10-10T00:00:00,0.06079
2017-10-10T01:00:00,0.06122606
2017-10-10T02:00:00,0.06139334
2017-10-10T03:00:00,0.06223566
2017-10-10T04:00:00,0.06150704
2017-10-10T05:00:00,0.062005
2017-10-10T06:00:00,0.06157001
2017-10-10T07:00:00,0.06162401
2017-10-10T08:00:00,0.062
2017-10-10T09:00:00,0.0624
2017-10-10T10:00:00,0.06205
2017-10-10T11:00:00,0.06213793
2017-10-10T12:00:00,0.0625
2017-10-10T13:00:00,0.06310999
2017-10-10T14:00:00,0.06331278
2017-10-10T15:00:00,0.0635003
2017-10-10T16:00:00,0.06271604
2017-10-10T17:00:00,0.06155
2017-10-10T18:00:00,0.06193373
2017-10-10T19:00:00,0.06134745
2017-10-10T20:00:00,0.061286
2017-10-10T21:00:00,0.0619
2017-10-10T22:00:00,0.0624082
2017-10-10T23:00:00,0.06280005
2017-10-11T00:00:00,0.06320001
2017-10-11T01:00:00,0.06299999
2017-10-11T02:00:00,0.06328631
2017-10-11T03:00:00,0.0636
2017-10-11T04:00:00,0.06352395
2017-10-11T05:00:00,0.06349999
2017-10-11T06:00:00,0.06333219
2017-10-11T07:00:00,0.06290099
2017-10-11T08:00:00,0.06239453
2017-10-11T09:00:00,0.06211896
2017-10-11T10:00:00,0.06221426
2017-10-11T11:00:00,0.06250022
2017-10-11T12:00:00,0.06299
2017-10-11T13:00:00,0.063
2017-10-11T14:00:00,0.06300019
2017-10-11T15:00:00,0.06206859
2017-10-11T16:00:00,0.06195853
2017-10-11T17:00:00,0.06224046
2017-10-11T18:00:00,0.062649
2017-10-11T19:00:00,0.062608
2017-10-11T20:00:00,0.06269229
2017-10-11T21:00:00,0.062525
2017-10-11T22:00:00,0.0630001
2017-10-11T23:00:00,0.06260002
2017-10-12T00:00:00,0.06260001
2017-10-12T01:00:00,0.06296498
2017-10-12T02:00:00,0.062968
2017-10-12T03:00:00,0.0632975
2017-10-12T04:00:00,0.06350148
2017-10-12T05:00:00,0.06261001
2017-10-12T06:00:00,0.06225
2017-10-12T07:00:00,0.0609021
2017-10-12T08:00:00,0.05971011
2017-10-12T09:00:00,0.05944001
2017-10-12T10:00:00,0.0591
2017-10-12T11:00:00,0.058987
2017-10-12T12:00:00,0.0589
2017-10-12T13:00:00,0.05909998
2017-10-12T14:00:00,0.0591
2017-10-12T15:00:00,0.05778678
2017-10-12T16:00:00,0.0565
2017-10-12T17:00:00,0.05795253
2017-10-12T18:00:00,0.05671159
2017-10-12T19:00:00,0.057387
2017-10-12T20:00:00,0.05681
2017-10-12T21:00:00,0.05760384
2017-10-12T22:00:00,0.05721021
2017-10-12T23:00:00,0.05566531
2017-10-13T00:00:00,0.05547042
2017-10-13T01:00:00,0.05438192
2017-10-13T02:00:00,0.0527
2017-10-13T03:00:00,0.05265455
2017-10-13T04:00:00,0.05306174
2017-10-13T05:00:00,0.05697991
2017-10-13T06:00:00,0.05926987
2017-10-13T07:00:00,0.05775774
2017-10-13T08:00:00,0.05717001
2017-10-13T09:00:00,0.05697105
2017-10-13T10:00:00,0.05728001
2017-10-13T11:00:00,0.05833979
2017-10-13T12:00:00,0.06149998
2017-10-13T13:00:00,0.0604
2017-10-13T14:00:00,0.0598001
2017-10-13T15:00:00,0.05895
2017-10-13T16:00:00,0.06038187
2017-10-13T17:00:00,0.05982001
2017-10-13T18:00:00,0.0606809
2017-10-13T19:00:00,0.0615
2017-10-13T20:00:00,0.0600083
2017-10-13T21:00:00,0.06081002
2017-10-13T22:00:00,0.06033967
2017-10-13T23:00:00,0.05967424
2017-10-14T00:00:00,0.05986843
2017-10-14T01:00:00,0.0598
2017-10-14T02:00:00,0.0595
2017-10-14T03:00:00,0.06003489
2017-10-14T04:00:00,0.060335
2017-10-14T05:00:00,0.060813
2017-10-14T06:00:00,0.06112679
2017-10-14T07:00:00,0.06149
2017-10-14T08:00:00,0.06165
2017-10-14T09:00:00,0.06180005
2017-10-14T10:00:00,0.0601
2017-10-14T11:00:00,0.05988185
2017-10-14T12:00:00,0.059787
2017-10-14T13:00:00,0.05984704
2017-10-14T14:00:00,0.05935
2017-10-14T15:00:00,0.0598
2017-10-14T16:00:00,0.0601
2017-10-14T17:00:00,0.059755
2017-10-14T18:00:00,0.0600995
2017-10-14T19:00:00,0.060144
2017-10-14T20:00:00,0.06034521
2017-10-14T21:00:00,0.06019324
2017-10-14T22:00:00,0.0598
2017-10-14T23:00:00,0.05805201
2017-10-15T00:00:00,0.0586
2017-10-15T01:00:00,0.05769533
2017-10-15T02:00:00,0.05749116
2017-10-15T03:00:00,0.05854974
2017-10-15T04:00:00,0.059001
2017-10-15T05:00:00,0.05865154
2017-10-15T06:00:00,0.05888765
2017-10-15T07:00:00,0.0587
2017-10-15T08:00:00,0.05949678
2017-10-15T09:00:00,0.058
2017-10-15T10:00:00,0.05854303
2017-10-15T11:00:00,0.058871
2017-10-15T12:00:00,0.058702
2017-10-15T13:00:00,0.05843837
2017-10-15T14:00:00,0.059509
2017-10-15T15:00:00,0.060205
2017-10-15T16:00:00,0.0593
2017-10-15T17:00:00,0.05988998
2017-10-15T18:00:00,0.05967098
2017-10-15T19:00:00,0.05973152
2017-10-15T20:00:00,0.05984938
2017-10-15T21:00:00,0.06003631
2017-10-15T22:00:00,0.0592
2017-10-15T23:00:00,0.05910395
2017-10-16T00:00:00,0.05931224
2017-10-16T01:00:00,0.060371
2017-10-16T02:00:00,0.0612
2017-10-16T03:00:00,0.06132099
2017-10-16T04:00:00,0.06121312
2017-10-16T05:00:00,0.06188658
2017-10-16T06:00:00,0.06069999
2017-10-16T07:00:00,0.06027701
2017-10-16T08:00:00,0.06026502
2017-10-16T09:00:00,0.05999999
2017-10-16T10:00:00,0.0605
2017-10-16T11:00:00,0.05922339
2017-10-16T12:00:00,0.05945008
2017-10-16T13:00:00,0.06037472
2017-10-16T14:00:00,0.0602077
2017-10-16T15:00:00,0.05979765
2017-10-16T16:00:00,0.05947
2017-10-16T17:00:00,0.05943386
2017-10-16T18:00:00,0.05864653
2017-10-16T19:00:00,0.05835
2017-10-16T20:00:00,0.05838
2017-10-16T21:00:00,0.0589
2017-10-16T22:00:00,0.0587
2017-10-16T23:00:00,0.05802376
2017-10-17T00:00:00,0.05763305
2017-10-17T01:00:00,0.05849999
2017-10-17T02:00:00,0.057985
2017-10-17T03:00:00,0.05824358
2017-10-17T04:00:00,0.05809999
2017-10-17T05:00:00,0.058
2017-10-17T06:00:00,0.05756001
2017-10-17T07:00:00,0.05794999
2017-10-17T08:00:00,0.05800004
2017-10-17T09:00:00,0.05787417
2017-10-17T10:00:00,0.05817998
2017-10-17T11:00:00,0.057772
2017-10-17T12:00:00,0.0581
2017-10-17T13:00:00,0.05770006
2017-10-17T14:00:00,0.0576
2017-10-17T15:00:00,0.05738999
2017-10-17T16:00:00,0.05715998
2017-10-17T17:00:00,0.05682
2017-10-17T18:00:00,0.057329
2017-10-17T19:00:00,0.05717999
2017-10-17T20:00:00,0.05640737
2017-10-17T21:00:00,0.05648997
2017-10-17T22:00:00,0.0557435
2017-10-17T23:00:00,0.0564
2017-10-18T00:00:00,0.0567051
2017-10-18T01:00:00,0.0563
2017-10-18T02:00:00,0.05584554
2017-10-18T03:00:00,0.05576692
2017-10-18T04:00:00,0.05649799
2017-10-18T05:00:00,0.05661079
2017-10-18T06:00:00,0.05693892
2017-10-18T07:00:00,0.05685398
2017-10-18T08:00:00,0.05637497
2017-10-18T09:00:00,0.05612502
2017-10-18T10:00:00,0.05638112
2017-10-18T11:00:00,0.05647696
2017-10-18T12:00:00,0.0566233
2017-10-18T13:00:00,0.05585562
2017-10-18T14:00:00,0.05655998
2017-10-18T15:00:00,0.05700019
2017-10-18T16:00:00,0.05684604
2017-10-18T17:00:00,0.05622281
2017-10-18T18:00:00,0.05622699
2017-10-18T19:00:00,0.05603184
2017-10-18T20:00:00,0.05569035
2017-10-18T21:00:00,0.0558
2017-10-18T22:00:00,0.05580648
2017-10-18T23:00:00,0.0564661
2017-10-19T00:00:00,0.0562099
2017-10-19T01:00:00,0.05590345
2017-10-19T02:00:00,0.05587999
2017-10-19T03:00:00,0.0555
2017-10-19T04:00:00,0.05529625
2017-10-19T05:00:00,0.0549996
2017-10-19T06:00:00,0.05502497
2017-10-19T07:00:00,0.05482181
2017-10-19T08:00:00,0.05489996
2017-10-19T09:00:00,0.05430381
2017-10-19T10:00:00,0.05409899
2017-10-19T11:00:00,0.05389
2017-10-19T12:00:00,0.05387409
2017-10-19T13:00:00,0.05363675
2017-10-19T14:00:00,0.05481114
2017-10-19T15:00:00,0.05441035
2017-10-19T16:00:00,0.0544085
2017-10-19T17:00:00,0.0541882
2017-10-19T18:00:00,0.05431381
2017-10-19T19:00:00,0.05449998
2017-10-19T20:00:00,0.05387577
2017-10-19T21:00:00,0.05373823
2017-10-19T22:00:00,0.05406716
2017-10-19T23:00:00,0.0537988
2017-10-20T00:00:00,0.05393897
2017-10-20T01:00:00,0.0539
2017-10-20T02:00:00,0.05419999
2017-10-20T03:00:00,0.05390104
2017-10-20T04:00:00,0.05408999
2017-10-20T05:00:00,0.05382033
2017-10-20T06:00:00,0.0539667
2017-10-20T07:00:00,0.05404997
2017-10-20T08:00:00,0.05385001
2017-10-20T09:00:00,0.05407822
2017-10-20T10:00:00,0.05391998
2017-10-20T11:00:00,0.05376019
2017-10-20T12:00:00,0.05390819
2017-10-20T13:00:00,0.05391011
2017-10-20T14:00:00,0.0519
2017-10-20T15:00:00,0.05219998
2017-10-20T16:00:00,0.05156
2017-10-20T17:00:00,0.05159999
2017-10-20T18:00:00,0.051325
2017-10-20T19:00:00,0.05033343
2017-10-20T20:00:00,0.0512551
2017-10-20T21:00:00,0.05094319
2017-10-20T22:00:00,0.050586
2017-10-20T23:00:00,0.05049009
2017-10-21T00:00:00,0.0507
2017-10-21T01:00:00,0.04963998
2017-10-21T02:00:00,0.04954892
2017-10-21T03:00:00,0.04900015
2017-10-21T04:00:00,0.049
2017-10-21T05:00:00,0.04915
2017-10-21T06:00:00,0.0492
2017-10-21T07:00:00,0.04873
2017-10-21T08:00:00,0.04882524
2017-10-21T09:00:00,0.04886369
2017-10-21T10:00:00,0.04840192
2017-10-21T11:00:00,0.0481
2017-10-21T12:00:00,0.04834479
2017-10-21T13:00:00,0.04824628
2017-10-21T14:00:00,0.04779008
2017-10-21T15:00:00,0.04710485
2017-10-21T16:00:00,0.04796354
2017-10-21T17:00:00,0.04950004
2017-10-21T18:00:00,0.04909255
2017-10-21T19:00:00,0.04918999
2017-10-21T20:00:00,0.04853412
2017-10-21T21:00:00,0.04939249
2017-10-21T22:00:00,0.049499
2017-10-21T23:00:00,0.049658
2017-10-22T00:00:00,0.04959999
2017-10-22T01:00:00,0.05030538
2017-10-22T02:00:00,0.05134316
2017-10-22T03:00:00,0.05096499
2017-10-22T04:00:00,0.05113
2017-10-22T05:00:00,0.0505999
2017-10-22T06:00:00,0.05040001
2017-10-22T07:00:00,0.04967421
2017-10-22T08:00:00,0.0499001
2017-10-22T09:00:00,0.05040001
2017-10-22T10:00:00,0.05058389
2017-10-22T11:00:00,0.05039093
2017-10-22T12:00:00,0.05000001
2017-10-22T13:00:00,0.05076861
2017-10-22T14:00:00,0.0494
2017-10-22T15:00:00,0.04905
2017-10-22T16:00:00,0.04921
2017-10-22T17:00:00,0.04911
2017-10-22T18:00:00,0.04922639
2017-10-22T19:00:00,0.049699
2017-10-22T20:00:00,0.04952909
2017-10-22T21:00:00,0.049899
2017-10-22T22:00:00,0.04948761
2017-10-22T23:00:00,0.04890101
2017-10-23T00:00:00,0.04905001
2017-10-23T01:00:00,0.0486
2017-10-23T02:00:00,0.04885002
2017-10-23T03:00:00,0.0489
2017-10-23T04:00:00,0.04856012
2017-10-23T05:00:00,0.048771
2017-10-23T06:00:00,0.04874699
2017-10-23T07:00:00,0.04853749
2017-10-23T08:00:00,0.0485089
2017-10-23T09:00:00,0.04859999
2017-10-23T10:00:00,0.04845298
2017-10-23T11:00:00,0.04837999
2017-10-23T12:00:00,0.04853
2017-10-23T13:00:00,0.048123
2017-10-23T14:00:00,0.0484
2017-10-23T15:00:00,0.04771903
2017-10-23T16:00:00,0.0478
2017-10-23T17:00:00,0.047788
2017-10-23T18:00:00,0.04774989
2017-10-23T19:00:00,0.0474557
2017-10-23T20:00:00,0.04668
2017-10-23T21:00:00,0.04699603
2017-10-23T22:00:00,0.04708706
2017-10-23T23:00:00,0.047135
2017-10-24T00:00:00,0.04661128
2017-10-24T01:00:00,0.05322735
2017-10-24T02:00:00,0.05418164
2017-10-24T03:00:00,0.05315126
2017-10-24T04:00:00,0.05448498
2017-10-24T05:00:00,0.05377832
2017-10-24T06:00:00,0.05365219
2017-10-24T07:00:00,0.05315001
2017-10-24T08:00:00,0.05345887
2017-10-24T09:00:00,0.05429336
2017-10-24T10:00:00,0.05422
2017-10-24T11:00:00,0.05431
2017-10-24T12:00:00,0.0545
2017-10-24T13:00:00,0.05488551
2017-10-24T14:00:00,0.05480516
2017-10-24T15:00:00,0.05437428
2017-10-24T16:00:00,0.05316914
2017-10-24T17:00:00,0.0530278
2017-10-24T18:00:00,0.0533999
2017-10-24T19:00:00,0.05378895
2017-10-24T20:00:00,0.0543
2017-10-24T21:00:00,0.054404
2017-10-24T22:00:00,0.05394
2017-10-24T23:00:00,0.05391
2017-10-25T00:00:00,0.05387
2017-10-25T01:00:00,0.05386507
2017-10-25T02:00:00,0.05372107
2017-10-25T03:00:00,0.05341925
2017-10-25T04:00:00,0.05345359
2017-10-25T05:00:00,0.05354
2017-10-25T06:00:00,0.0538
2017-10-25T07:00:00,0.0535994
2017-10-25T08:00:00,0.05309999
2017-10-25T09:00:00,0.053
2017-10-25T10:00:00,0.0526999
2017-10-25T11:00:00,0.05312795
2017-10-25T12:00:00,0.05327066
2017-10-25T13:00:00,0.05339
2017-10-25T14:00:00,0.05374097
2017-10-25T15:00:00,0.05349105
2017-10-25T16:00:00,0.0533
2017-10-25T17:00:00,0.05359
2017-10-25T18:00:00,0.0535
2017-10-25T19:00:00,0.0531937
2017-10-25T20:00:00,0.0523109
2017-10-25T21:00:00,0.05229991
2017-10-25T22:00:00,0.05238006
2017-10-25T23:00:00,0.05179834
2017-10-26T00:00:00,0.05156505
2017-10-26T01:00:00,0.05190003
2017-10-26T02:00:00,0.052
2017-10-26T03:00:00,0.0516
2017-10-26T04:00:00,0.05186
2017-10-26T05:00:00,0.05181
2017-10-26T06:00:00,0.0518
2017-10-26T07:00:00,0.05155
2017-10-26T08:00:00,0.05159999
2017-10-26T09:00:00,0.05174979
2017-10-26T10:00:00,0.05189995
2017-10-26T11:00:00,0.051
2017-10-26T12:00:00,0.05010019
2017-10-26T13:00:00,0.05015
2017-10-26T14:00:00,0.05
2017-10-26T15:00:00,0.04991
2017-10-26T16:00:00,0.0498
2017-10-26T17:00:00,0.04964765
2017-10-26T18:00:00,0.05
2017-10-26T19:00:00,0.04997062
2017-10-26T20:00:00,0.050252
2017-10-26T21:00:00,0.0505
2017-10-26T22:00:00,0.05014454
2017-10-26T23:00:00,0.050192
2017-10-27T00:00:00,0.0498
2017-10-27T01:00:00,0.05004999
2017-10-27T02:00:00,0.04967029
2017-10-27T03:00:00,0.05027975
2017-10-27T04:00:00,0.05050001
2017-10-27T05:00:00,0.050952
2017-10-27T06:00:00,0.05086335
2017-10-27T07:00:00,0.05035734
2017-10-27T08:00:00,0.05033101
2017-10-27T09:00:00,0.0503
2017-10-27T10:00:00,0.0508
2017-10-27T11:00:00,0.05099178
2017-10-27T12:00:00,0.0514
2017-10-27T13:00:00,0.05110003
2017-10-27T14:00:00,0.05099999
2017-10-27T15:00:00,0.05085001
2017-10-27T16:00:00,0.0509245
2017-10-27T17:00:00,0.0514999
2017-10-27T18:00:00,0.0515
2017-10-27T19:00:00,0.0513
2017-10-27T20:00:00,0.0513046
2017-10-27T21:00:00,0.05120246
2017-10-27T22:00:00,0.051295
2017-10-27T23:00:00,0.05147788
2017-10-28T00:00:00,0.05083827
2017-10-28T01:00:00,0.05070008
2017-10-28T02:00:00,0.05108914
2017-10-28T03:00:00,0.05117
2017-10-28T04:00:00,0.05114
2017-10-28T05:00:00,0.0508501
2017-10-28T06:00:00,0.05085205
2017-10-28T07:00:00,0.05104989
2017-10-28T08:00:00,0.0507884
2017-10-28T09:00:00,0.05086719
2017-10-28T10:00:00,0.05103205
2017-10-28T11:00:00,0.0514444
2017-10-28T12:00:00,0.05115116
2017-10-28T13:00:00,0.05170778
2017-10-28T14:00:00,0.05162
2017-10-28T15:00:00,0.05150805
2017-10-28T16:00:00,0.05134
2017-10-28T17:00:00,0.05150098
2017-10-28T18:00:00,0.05125001
2017-10-28T19:00:00,0.05086719
2017-10-28T20:00:00,0.051372
2017-10-28T21:00:00,0.05115459
2017-10-28T22:00:00,0.0508515
2017-10-28T23:00:00,0.05107901
2017-10-29T00:00:00,0.05135825
2017-10-29T01:00:00,0.0515
2017-10-29T02:00:00,0.05149399
2017-10-29T03:00:00,0.05142331
2017-10-29T04:00:00,0.05110001
2017-10-29T05:00:00,0.051051
2017-10-29T06:00:00,0.05129814
2017-10-29T07:00:00,0.05111754
2017-10-29T08:00:00,0.05111607
2017-10-29T09:00:00,0.05143
2017-10-29T10:00:00,0.05137
2017-10-29T11:00:00,0.05272501
2017-10-29T12:00:00,0.05355555
2017-10-29T13:00:00,0.0528
2017-10-29T14:00:00,0.0529912
2017-10-29T15:00:00,0.05162984
2017-10-29T16:00:00,0.0514
2017-10-29T17:00:00,0.05149
2017-10-29T18:00:00,0.05139754
2017-10-29T19:00:00,0.050037
2017-10-29T20:00:00,0.04978999
2017-10-29T21:00:00,0.04931322
2017-10-29T22:00:00,0.04964998
2017-10-29T23:00:00,0.049256
2017-10-30T00:00:00,0.05022536
2017-10-30T01:00:00,0.05000001
2017-10-30T02:00:00,0.0501595
2017-10-30T03:00:00,0.04991
2017-10-30T04:00:00,0.05
2017-10-30T05:00:00,0.05030026
2017-10-30T06:00:00,0.05049998
2017-10-30T07:00:00,0.05035
2017-10-30T08:00:00,0.05034001
2017-10-30T09:00:00,0.05027688
2017-10-30T10:00:00,0.04988118
2017-10-30T11:00:00,0.05020597
2017-10-30T12:00:00,0.05011
2017-10-30T13:00:00,0.05
2017-10-30T14:00:00,0.050365
2017-10-30T15:00:00,0.05039999
2017-10-30T16:00:00,0.0502
2017-10-30T17:00:00,0.0501415
2017-10-30T18:00:00,0.04987868
2017-10-30T19:00:00,0.05
2017-10-30T20:00:00,0.05018
2017-10-30T21:00:00,0.05
2017-10-30T22:00:00,0.05
2017-10-30T23:00:00,0.04984501
2017-10-31T00:00:00,0.05
2017-10-31T01:00:00,0.05000001
2017-10-31T02:00:00,0.05020778
2017-10-31T03:00:00,0.05021
2017-10-31T04:00:00,0.05019999
2017-10-31T05:00:00,0.05022871
2017-10-31T06:00:00,0.05025002
2017-10-31T07:00:00,0.05035199
2017-10-31T08:00:00,0.05020009
2017-10-31T09:00:00,0.04998
2017-10-31T10:00:00,0.05001993
2017-10-31T11:00:00,0.04931243
2017-10-31T12:00:00,0.049516
2017-10-31T13:00:00,0.04853643
2017-10-31T14:00:00,0.04816568
2017-10-31T15:00:00,0.04805
2017-10-31T16:00:00,0.048
2017-10-31T17:00:00,0.047985
2017-10-31T18:00:00,0.0481
2017-10-31T19:00:00,0.04810004
2017-10-31T20:00:00,0.04796
2017-10-31T21:00:00,0.04765902
2017-10-31T22:00:00,0.04753508
2017-10-31T23:00:00,0.0470632
2017-11-01T00:00:00,0.04712409
2017-11-01T01:00:00,0.04710001
2017-11-01T02:00:00,0.04715
2017-11-01T03:00:00,0.04687409
2017-11-01T04:00:00,0.04751
2017-11-01T05:00:00,0.047395
2017-11-01T06:00:00,0.04741
2017-11-01T07:00:00,0.04727776
2017-11-01T08:00:00,0.047
2017-11-01T09:00:00,0.045864
2017-11-01T10:00:00,0.04499998
2017-11-01T11:00:00,0.0449
2017-11-01T12:00:00,0.04593899
2017-11-01T13:00:00,0.045951
2017-11-01T14:00:00,0.0458
2017-11-01T15:00:00,0.04524217
2017-11-01T16:00:00,0.04499998
2017-11-01T17:00:00,0.04479
2017-11-01T18:00:00,0.0449181
2017-11-01T19:00:00,0.044995
2017-11-01T20:00:00,0.04525999
2017-11-01T21:00:00,0.044922
2017-11-01T22:00:00,0.04375
2017-11-01T23:00:00,0.04285999
2017-11-02T00:00:00,0.04195811
2017-11-02T01:00:00,0.04223374
2017-11-02T02:00:00,0.04194232
2017-11-02T03:00:00,0.0414979
2017-11-02T04:00:00,0.04160001
2017-11-02T05:00:00,0.04120002
2017-11-02T06:00:00,0.0404
2017-11-02T07:00:00,0.04073997
2017-11-02T08:00:00,0.04005558
2017-11-02T09:00:00,0.04022
2017-11-02T10:00:00,0.0387302
2017-11-02T11:00:00,0.0413724
2017-11-02T12:00:00,0.040605
2017-11-02T13:00:00,0.03995454
2017-11-02T14:00:00,0.04126277
2017-11-02T15:00:00,0.0404888
2017-11-02T16:00:00,0.0409
2017-11-02T17:00:00,0.04077
2017-11-02T18:00:00,0.0415
2017-11-02T19:00:00,0.04128041
2017-11-02T20:00:00,0.04070108
2017-11-02T21:00:00,0.040264
2017-11-02T22:00:00,0.04039001
2017-11-02T23:00:00,0.0405005
2017-11-03T00:00:00,0.041
2017-11-03T01:00:00,0.04126934
2017-11-03T02:00:00,0.041
2017-11-03T03:00:00,0.03972699
2017-11-03T04:00:00,0.04010024
2017-11-03T05:00:00,0.04000053
2017-11-03T06:00:00,0.04015916
2017-11-03T07:00:00,0.03992601
2017-11-03T08:00:00,0.03968915
2017-11-03T09:00:00,0.0397
2017-11-03T10:00:00,0.0397
2017-11-03T11:00:00,0.04065
2017-11-03T12:00:00,0.04079498
2017-11-03T13:00:00,0.04125708
2017-11-03T14:00:00,0.04107976
2017-11-03T15:00:00,0.04055301
2017-11-03T16:00:00,0.04085
2017-11-03T17:00:00,0.04078001
2017-11-03T18:00:00,0.04075801
2017-11-03T19:00:00,0.04137
2017-11-03T20:00:00,0.04210843
2017-11-03T21:00:00,0.04315502
2017-11-03T22:00:00,0.0422
2017-11-03T23:00:00,0.04259999
2017-11-04T00:00:00,0.04233333
2017-11-04T01:00:00,0.04153711
2017-11-04T02:00:00,0.0413006
2017-11-04T03:00:00,0.04110542
2017-11-04T04:00:00,0.04135
2017-11-04T05:00:00,0.04155001
2017-11-04T06:00:00,0.0418
2017-11-04T07:00:00,0.04128
2017-11-04T08:00:00,0.041794
2017-11-04T09:00:00,0.04201247
2017-11-04T10:00:00,0.0422347
2017-11-04T11:00:00,0.042205
2017-11-04T12:00:00,0.0422099
2017-11-04T13:00:00,0.04115504
2017-11-04T14:00:00,0.041
2017-11-04T15:00:00,0.04097
2017-11-04T16:00:00,0.040518
2017-11-04T17:00:00,0.0406
2017-11-04T18:00:00,0.04075295
2017-11-04T19:00:00,0.04028503
2017-11-04T20:00:00,0.04010001
2017-11-04T21:00:00,0.03990007
2017-11-04T22:00:00,0.04038
2017-11-04T23:00:00,0.04069997
2017-11-05T00:00:00,0.04076002
2017-11-05T01:00:00,0.04044
2017-11-05T02:00:00,0.04060046
2017-11-05T03:00:00,0.0404
2017-11-05T04:00:00,0.040353
2017-11-05T05:00:00,0.04008706
2017-11-05T06:00:00,0.04022
2017-11-05T07:00:00,0.04026
2017-11-05T08:00:00,0.0401
2017-11-05T09:00:00,0.04007603
2017-11-05T10:00:00,0.04011
2017-11-05T11:00:00,0.039308
2017-11-05T12:00:00,0.03935617
2017-11-05T13:00:00,0.03901839
2017-11-05T14:00:00,0.03922506
2017-11-05T15:00:00,0.03934999
2017-11-05T16:00:00,0.0393005
2017-11-05T17:00:00,0.03921
2017-11-05T18:00:00,0.03910007
2017-11-05T19:00:00,0.03900001
2017-11-05T20:00:00,0.03939399
2017-11-05T21:00:00,0.04039
2017-11-05T22:00:00,0.04010001
2017-11-05T23:00:00,0.04
2017-11-06T00:00:00,0.040023
2017-11-06T01:00:00,0.03988841
2017-11-06T02:00:00,0.04009095
2017-11-06T03:00:00,0.0406
2017-11-06T04:00:00,0.04092299
2017-11-06T05:00:00,0.0403
2017-11-06T06:00:00,0.04012092
2017-11-06T07:00:00,0.04042838
2017-11-06T08:00:00,0.04038093
2017-11-06T09:00:00,0.04068999
2017-11-06T10:00:00,0.04089619
2017-11-06T11:00:00,0.041
2017-11-06T12:00:00,0.0409
2017-11-06T13:00:00,0.041012
2017-11-06T14:00:00,0.041015
2017-11-06T15:00:00,0.0418814
2017-11-06T16:00:00,0.0421
2017-11-06T17:00:00,0.04223
2017-11-06T18:00:00,0.04287
2017-11-06T19:00:00,0.04309022
2017-11-06T20:00:00,0.04221
2017-11-06T21:00:00,0.04185044
2017-11-06T22:00:00,0.04251595
2017-11-06T23:00:00,0.04265861
2017-11-07T00:00:00,0.042
2017-11-07T01:00:00,0.04245
2017-11-07T02:00:00,0.04270466
2017-11-07T03:00:00,0.041995
2017-11-07T04:00:00,0.04163095
2017-11-07T05:00:00,0.04186299
2017-11-07T06:00:00,0.041724
2017-11-07T07:00:00,0.04178001
2017-11-07T08:00:00,0.04188
2017-11-07T09:00:00,0.041995
2017-11-07T10:00:00,0.04219989
2017-11-07T11:00:00,0.04234087
2017-11-07T12:00:00,0.0415
2017-11-07T13:00:00,0.04138986
2017-11-07T14:00:00,0.04131
2017-11-07T15:00:00,0.04109989
2017-11-07T16:00:00,0.0411899
2017-11-07T17:00:00,0.04135716
2017-11-07T18:00:00,0.04091
2017-11-07T19:00:00,0.041
2017-11-07T20:00:00,0.0413
2017-11-07T21:00:00,0.04140509
2017-11-07T22:00:00,0.0412772
2017-11-07T23:00:00,0.041
2017-11-08T00:00:00,0.04107
2017-11-08T01:00:00,0.04010219
2017-11-08T02:00:00,0.0402
2017-11-08T03:00:00,0.04019
2017-11-08T04:00:00,0.0404699
2017-11-08T05:00:00,0.04009603
2017-11-08T06:00:00,0.04023
2017-11-08T07:00:00,0.04019008
2017-11-08T08:00:00,0.04032545
2017-11-08T09:00:00,0.04053986
2017-11-08T10:00:00,0.04077
2017-11-08T11:00:00,0.04019978
2017-11-08T12:00:00,0.04000002
2017-11-08T13:00:00,0.03999883
2017-11-08T14:00:00,0.04000001
2017-11-08T15:00:00,0.04008
2017-11-08T16:00:00,0.04001
2017-11-08T17:00:00,0.03969997
2017-11-08T18:00:00,0.0422
2017-11-08T19:00:00,0.04379999
2017-11-08T20:00:00,0.043841
2017-11-08T21:00:00,0.043156
2017-11-08T22:00:00,0.04186457
2017-11-08T23:00:00,0.0413
2017-11-09T00:00:00,0.04204304
2017-11-09T01:00:00,0.0420323
2017-11-09T02:00:00,0.042295
2017-11-09T03:00:00,0.04213211
2017-11-09T04:00:00,0.04245137
2017-11-09T05:00:00,0.04232
2017-11-09T06:00:00,0.04247051
2017-11-09T07:00:00,0.04291174
2017-11-09T08:00:00,0.04347
2017-11-09T09:00:00,0.04329249
2017-11-09T10:00:00,0.0435
2017-11-09T11:00:00,0.04429901
2017-11-09T12:00:00,0.044235
2017-11-09T13:00:00,0.0444853
2017-11-09T14:00:00,0.0452
2017-11-09T15:00:00,0.04603764
2017-11-09T16:00:00,0.04525665
2017-11-09T17:00:00,0.04541
2017-11-09T18:00:00,0.04532394
2017-11-09T19:00:00,0.04556
2017-11-09T20:00:00,0.04557103
2017-11-09T21:00:00,0.04505
2017-11-09T22:00:00,0.0446
2017-11-09T23:00:00,0.04485991
2017-11-10T00:00:00,0.04385
2017-11-10T01:00:00,0.0442
2017-11-10T02:00:00,0.04389
2017-11-10T03:00:00,0.04405
2017-11-10T04:00:00,0.04386969
2017-11-10T05:00:00,0.04400003
2017-11-10T06:00:00,0.044191
2017-11-10T07:00:00,0.04415
2017-11-10T08:00:00,0.04412
2017-11-10T09:00:00,0.04477927
2017-11-10T10:00:00,0.045594
2017-11-10T11:00:00,0.04555
2017-11-10T12:00:00,0.04534
2017-11-10T13:00:00,0.04500499
2017-11-10T14:00:00,0.04490679
2017-11-10T15:00:00,0.0443
2017-11-10T16:00:00,0.0442
2017-11-10T17:00:00,0.0445
2017-11-10T18:00:00,0.04483835
2017-11-10T19:00:00,0.04510005
2017-11-10T20:00:00,0.0459769
2017-11-10T21:00:00,0.0454
2017-11-10T22:00:00,0.04495245
2017-11-10T23:00:00,0.04528
2017-11-11T00:00:00,0.045
2017-11-11T01:00:00,0.0442
2017-11-11T02:00:00,0.04439644
2017-11-11T03:00:00,0.04442
2017-11-11T04:00:00,0.04473466
2017-11-11T05:00:00,0.04508814
2017-11-11T06:00:00,0.04508785
2017-11-11T07:00:00,0.04540722
2017-11-11T08:00:00,0.04507
2017-11-11T09:00:00,0.04541018
2017-11-11T10:00:00,0.0459
2017-11-11T11:00:00,0.04629661
2017-11-11T12:00:00,0.04699789
2017-11-11T13:00:00,0.04651291
2017-11-11T14:00:00,0.047115
2017-11-11T15:00:00,0.04788476
2017-11-11T16:00:00,0.0477
2017-11-11T17:00:00,0.04932003
2017-11-11T18:00:00,0.0507
2017-11-11T19:00:00,0.0503899
2017-11-11T20:00:00,0.04988639
2017-11-11T21:00:00,0.048732
2017-11-11T22:00:00,0.05018497
2017-11-11T23:00:00,0.04958479
2017-11-12T00:00:00,0.04979974
2017-11-12T01:00:00,0.0499
2017-11-12T02:00:00,0.04999398
2017-11-12T03:00:00,0.05096399
2017-11-12T04:00:00,0.051705
2017-11-12T05:00:00,0.05273932
2017-11-12T06:00:00,0.05428999
2017-11-12T07:00:00,0.04946897
2017-11-12T08:00:00,0.04922494
2017-11-12T09:00:00,0.04821501
2017-11-12T10:00:00,0.04703266
2017-11-12T11:00:00,0.04710001
2017-11-12T12:00:00,0.04828493
2017-11-12T13:00:00,0.0490268
2017-11-12T14:00:00,0.04950001
2017-11-12T15:00:00,0.04939074
2017-11-12T16:00:00,0.0513438
2017-11-12T17:00:00,0.0523
2017-11-12T18:00:00,0.05075527
2017-11-12T19:00:00,0.0514
2017-11-12T20:00:00,0.05195
2017-11-12T21:00:00,0.05262808
2017-11-12T22:00:00,0.05349
2017-11-12T23:00:00,0.052
2017-11-13T00:00:00,0.0525346
2017-11-13T01:00:00,0.05389998
2017-11-13T02:00:00,0.053166
2017-11-13T03:00:00,0.05227
2017-11-13T04:00:00,0.0512
2017-11-13T05:00:00,0.049489
2017-11-13T06:00:00,0.04900006
2017-11-13T07:00:00,0.05011158
2017-11-13T08:00:00,0.0502
2017-11-13T09:00:00,0.04915
2017-11-13T10:00:00,0.04900725
2017-11-13T11:00:00,0.04855
2017-11-13T12:00:00,0.04739
2017-11-13T13:00:00,0.04745762
2017-11-13T14:00:00,0.04850678
2017-11-13T15:00:00,0.04718962
2017-11-13T16:00:00,0.04838595
2017-11-13T17:00:00,0.04842923
2017-11-13T18:00:00,0.0495
2017-11-13T19:00:00,0.049043
2017-11-13T20:00:00,0.0489968
2017-11-13T21:00:00,0.04853036
2017-11-13T22:00:00,0.04865
2017-11-13T23:00:00,0.04831104
2017-11-14T00:00:00,0.04755955
2017-11-14T01:00:00,0.04786443
2017-11-14T02:00:00,0.04821
2017-11-14T03:00:00,0.04786632
2017-11-14T04:00:00,0.04799997
2017-11-14T05:00:00,0.048634
2017-11-14T06:00:00,0.049
2017-11-14T07:00:00,0.05000991
2017-11-14T08:00:00,0.05040002
2017-11-14T09:00:00,0.05082099
2017-11-14T10:00:00,0.05021029
2017-11-14T11:00:00,0.04991001
2017-11-14T12:00:00,0.05028
2017-11-14T13:00:00,0.05092429
2017-11-14T14:00:00,0.0503339
2017-11-14T15:00:00,0.05059001
2017-11-14T16:00:00,0.05044127
2017-11-14T17:00:00,0.05030989
2017-11-14T18:00:00,0.050101
2017-11-14T19:00:00,0.05017897
2017-11-14T20:00:00,0.0502